id,name,name_dhivehi,category,price_mvr,description,description_dhivehi,veg,spice_level_0_3,heat_choice,best_seller,allow_comments,no_kitchen,hidden_from_qr,sold_out,add_ons,photo_url
m24,Kulhi Boakibaa,,Baked Savory,15,Traditional Maldivian savoury tea-time snack with rich local flavours.,,no,0,no,no,yes,no,no,no,3 pcs | 5 pcs | 10 pcs | Chili Sauce +5,/api/img/m24
m25,Masroshi,,Baked Savory,12,Traditional Maldivian savoury tea-time snack with rich local flavours.,,no,0,no,no,yes,no,no,no,3 pcs | 5 pcs | 10 pcs | Chili Sauce +5,/api/img/m25
m6,Caramel Frappe,,Blended Frappes,65,Creamy blended coffee frappe with caramel.,,no,0,no,no,yes,no,no,no,Extra Shot +15 | Oat Milk +15 | Vanilla +10 | Caramel +10,/api/img/m6
m35,Beef Burger,,Burgers & Sandwiches,130,Grilled beef burger with fresh salad and house sauce.,,no,0,no,no,yes,no,no,no,Cheese +15 | Fried Egg +15 | Extra Patty +45 | Fries +30,/api/img/m35
m34,Club Sandwich,,Sandwiches & Panini,110,"Triple-layer chicken, egg and fresh salad sandwich served café style.",,no,0,no,no,yes,no,no,no,Cheese +15 | Fried Egg +15 | Extra Chicken +30 | Fries +30 | Coleslaw +20,https://www.gastronomiac.com/wp/wp-content/uploads/2018/03/Sandwich-sous-marin.jpg
m19,English Breakfast,,Continental Breakfast,120,"Eggs, sausage, toast and classic breakfast sides.",,no,0,no,no,yes,no,no,no,Extra Egg +15 | Sausage +20 | Toast +10 | Hash Brown +20,/api/img/m19
m20,Pancakes,,Continental Breakfast,75,Soft breakfast pancakes served warm.,,no,0,no,no,yes,no,no,no,Honey +10 | Maple Syrup +15 | Vanilla Ice Cream +25 | Banana +10,/api/img/m20
m_641chnv,Garudhiya,,Curries,80,"Traditional Maldivian clear tuna broth served with steamed rice, lime, and chili.",,no,0,no,no,yes,no,no,no,Steamed Rice +20 | Roshi (2 pcs) +20 | Extra Curry +25 | Extra Chili +0,/api/img/m_641chnv
m33,Kukulhu Riha,,Curries,95,Traditional Maldivian chicken curry made with roasted spices.,,no,0,no,no,yes,no,no,no,Steamed Rice +20 | Roshi (2 pcs) +20 | Extra Curry +25 | Extra Chili +0,https://lonumedhu.com/sites/default/files/KukulhuRIha2.jpg
m32,Mas Riha,,Curries,90,Traditional Maldivian mas riha cooked with aromatic spices and local flavours.,,no,0,no,no,yes,no,no,no,Steamed Rice +20 | Roshi (2 pcs) +20 | Extra Curry +25 | Extra Chili +0,/api/img/m32
m2,Americano,,Espresso Coffee,35,"Espresso lengthened with hot water for a clean, bold cup.",,no,0,no,yes,yes,no,no,no,Extra Shot +15 | Small +0 | Large +15 | Iced +5 | Sugar +0 | Milk +10 | Decaf +10,/api/img/m2
m1,Espresso,,Espresso Coffee,30,Single espresso with a rich crema.,,no,0,no,no,yes,no,no,no,Double Shot +15 | Extra Shot +15 | Hot Water +0 | Sugar +0 | Decaf +10,/api/img/m1
m10,Orange Juice,,Fresh Juices,55,Fresh orange juice blended to order.,,no,0,no,no,yes,no,no,no,Large +15 | No Sugar +0 | Less Sugar +0 | No Ice +0 | Extra Ice +0,https://img.ananinja.com/media/ninja-catalog-42/restaurants/z85odwy7bdyxdilyoeldhuldulox/MANGO_result.jpg
m11,Papaya Juice,,Fresh Juices,55,Fresh papaya juice blended to order.,,no,0,no,no,yes,no,no,no,Large +15 | No Sugar +0 | Less Sugar +0 | No Ice +0 | Milk +10,https://img.ananinja.com/media/ninja-catalog-42/restaurants/z85odwy7bdyxdilyoeldhuldulox/MANGO_result.jpg
m9,Watermelon Juice,,Fresh Juices,55,Fresh watermelon juice blended to order.,,no,0,no,no,yes,no,no,no,Large +15 | No Sugar +0 | Less Sugar +0 | No Ice +0 | Extra Ice +0,https://img.ananinja.com/media/ninja-catalog-42/restaurants/z85odwy7bdyxdilyoeldhuldulox/MANGO_result.jpg
m21,Bajiya,,Fried Savory,8,"Popular Maldivian hedhikaa, crisp outside and savoury inside.",,no,0,no,no,yes,no,no,no,3 pcs | 5 pcs | 10 pcs | Chili Sauce +5,/api/img/m21
m22,Gulha,,Fried Savory,8,"Popular Maldivian hedhikaa, crisp outside and savoury inside.",,no,0,no,no,yes,no,no,no,3 pcs | 5 pcs | 10 pcs | Chili Sauce +5,/api/img/m22
m23,Keemia,,Fried Savory,10,"Popular Maldivian hedhikaa, crisp outside and savoury inside.",,no,0,no,no,yes,no,no,no,3 pcs | 5 pcs | 10 pcs | Chili Sauce +5,/api/img/m23
m40,Grilled Reef Fish,,Grills,190,Reef fish grilled with Maldivian seasoning and lime.,,no,0,no,no,yes,no,no,no,Steamed Rice +20 | Salad +20 | Fries +30 | Garlic Butter +10 | Lime +0,/api/img/m40
m5,Iced Latte,,Espresso Coffee,55,Chilled espresso and milk poured over ice.,,no,0,no,no,yes,no,no,no,Extra Shot +15 | Large +15 | Oat Milk +15 | Soy Milk +15 | Vanilla +10 | Caramel +10 | Hazelnut +10,/api/img/m5
m31,Beef Kottu Roshi,,Kottu Roshi,140,"Chopped roshi stir-fried with beef, egg, vegetables and savoury spices.",,no,0,no,no,yes,no,no,no,Fried Egg +15 | Extra Beef +40 | Cheese +15 | Extra Chili +0 | Extra Gravy +10,https://top15.fr/wp-content/uploads/2024/03/Kottu-Roti.jpg
m30,Chicken Kottu Roshi,,Kottu Roshi,120,"Chopped roshi stir-fried with chicken, egg, vegetables and savoury spices.",,no,0,no,no,yes,no,no,no,Fried Egg +15 | Extra Chicken +35 | Cheese +15 | Extra Chili +0 | Extra Gravy +10,https://top15.fr/wp-content/uploads/2024/03/Kottu-Roti.jpg
m7,Kalhu Sai,,Local Tea,15,Traditional Maldivian black tea.,,no,0,no,no,yes,no,no,no,Large +10 | Less Sugar +0 | No Sugar +0,/api/img/m7
m8,Kiru Sai,,Local Tea,20,Traditional Maldivian milk tea.,,no,0,no,no,yes,no,no,no,Large +10 | Less Sugar +0 | No Sugar +0,/api/img/m8
m17,Kulhimas,,Maldivian Breakfast,65,Traditional Maldivian speciality prepared with familiar island flavours.,,no,0,no,no,yes,no,no,no,Steamed Rice +20 | Roshi (2 pcs) +20 | Lime +0 | Lonumirus +5,/api/img/m17
m16,Mas Huni,,Maldivian Breakfast,45,"Tuna, coconut, onion and chili mixed for a classic Maldivian breakfast.",,no,0,no,no,yes,no,no,no,Roshi (2 pcs) +20 | Fried Egg +15 | Extra Mashuni +25 | Extra Chili +0,/api/img/m16
m18,Roshi (2 pcs),,Maldivian Breakfast,20,Traditional Maldivian speciality prepared with familiar island flavours.,,no,0,no,no,yes,no,no,no,Extra Roshi +10 | Butter +5,/api/img/m18
m4,Caffè Latte,,Espresso Coffee,50,Espresso with silky steamed milk and a light layer of foam.,,no,0,no,no,yes,no,no,no,Extra Shot +15 | Large +15 | Iced +5 | Oat Milk +15 | Soy Milk +15 | Vanilla +10 | Caramel +10 | Hazelnut +10,/api/img/m4
m3,Cappuccino,,Espresso Coffee,45,Espresso with steamed milk and a generous layer of velvety foam.,,no,0,no,yes,yes,no,no,no,Extra Shot +15 | Large +15 | Oat Milk +15 | Soy Milk +15 | Vanilla +10 | Caramel +10 | Chocolate +10 | Cinnamon +0,/api/img/m3
m13,Blue Lagoon,,Mocktails,65,Refreshing citrus-blue mocktail served over ice.,,no,0,no,no,yes,no,no,no,Large +15 | Less Sweet +0 | Extra Lime +5,/api/img/m13
m12,Classic Virgin Mojito,,Mojitos,65,Fresh lime and mint muddled with ice and sparkling soda.,,no,0,no,no,yes,no,no,no,Large +15 | Less Sweet +0 | Extra Lime +5 | Extra Mint +5 | No Ice +0,https://www.joyfulhealthyeats.com/wp-content/uploads/2025/06/Virgin-Mojito-Nojito-Recipe-web-6.jpg
m38,Chicken Alfredo,,Pasta,150,Creamy Alfredo pasta with tender chicken.,,no,0,no,no,yes,no,no,no,Extra Chicken +35 | Extra Cheese +15 | Garlic Bread +25,/api/img/m38
m39,Spaghetti Bolognese,,Pasta,145,Spaghetti with rich beef and tomato sauce.,,no,0,no,no,yes,no,no,no,Extra Chicken +35 | Extra Cheese +15 | Garlic Bread +25,/api/img/m39
m36,Margherita Pizza,,Pizza,140,"Classic tomato, mozzarella and herbs on a baked pizza base.",,no,0,no,no,yes,no,no,no,12 inch +40 | 15 inch +80 | Extra Cheese +20 | Olives +15 | Mushrooms +15 | Chili Flakes +0,https://www.local.mv/listing/la-vera-pizzeria/65483806_2316872161681267_2312524475087716352_o.jpg
m37,Seafood Pizza,,Pizza,180,"Seafood, tomato sauce, mozzarella and herbs on a baked pizza base.",,no,0,no,no,yes,no,no,no,12 inch +50 | 15 inch +100 | Extra Cheese +20 | Extra Seafood +45 | Olives +15 | Chili Flakes +0,https://www.local.mv/listing/la-vera-pizzeria/65483806_2316872161681267_2312524475087716352_o.jpg
m29,Mee Goreng,,Rice & Noodles,105,Stir-fried noodles with vegetables and savoury sauce.,,no,0,no,no,yes,no,no,no,Fried Egg +15 | Rihaakuru +10 | Lonumirus +5 | Extra Portion +30,/api/img/m29
m28,Mixed Nasi Goreng,,Nasi Goreng,150,"Indonesian-style fried rice with mixed proteins, vegetables, egg and aromatic seasoning.",,no,0,no,no,yes,no,no,no,Fried Egg +15 | Extra Chicken +30 | Extra Beef +35 | Extra Tuna +25 | Extra Chili +0 | Extra Portion +30,https://assets.dream.clubmed/pm_7531_597_597327-w4reagoq92-swhr.jpg
m27,Valhomas Rice,,Rice & Noodles,95,Comforting Maldivian valhomas rice prepared as a hearty rice or noodle dish.,,no,0,no,no,yes,no,no,no,Fried Egg +15 | Rihaakuru +10 | Lonumirus +5 | Extra Portion +30,/api/img/m27
m14,Mango Smoothie,,Smoothies,70,Creamy blended mango smoothie.,,no,0,no,no,yes,no,no,no,Large +15 | No Sugar +0 | Less Sugar +0 | Extra Ice +0,/api/img/m14
m15,Coca Cola,,Soft Drinks,25,Chilled carbonated soft drink.,,no,0,no,no,no,no,no,no,Ice +0 | Lemon +5,/api/img/m15
m26,Foni Boakibaa,,Sweet Treats,15,"Traditional Maldivian sweet treat, perfect with tea or after a meal.",,no,0,no,no,yes,no,no,no,Vanilla Ice Cream +25 | Condensed Milk +10,/api/img/m26
lm001,Vanilla Juice Petty,,Sweet Treats,35,"Traditional Maldivian sweet treat, perfect with tea or after a meal.",,yes,0,no,no,yes,no,no,no,Vanilla Ice Cream +25 | Condensed Milk +10,https://lonumedhu.com/sites/default/files/cover%20final.jpg
lm002,Bambukeyo Bondibaiy,,Rice & Noodles,85,Comforting Maldivian bambukeyo bondibaiy prepared as a hearty rice or noodle dish.,,yes,0,no,no,yes,no,no,no,Fried Egg +15 | Rihaakuru +10 | Lonumirus +5 | Extra Portion +30,https://lonumedhu.com/sites/default/files/cover%20-%20banbukeyo%20bondibaiy.jpg
lm003,Saagu Bondibaiy,,Rice & Noodles,85,Comforting Maldivian saagu bondibaiy prepared as a hearty rice or noodle dish.,,no,0,no,no,yes,no,no,no,Fried Egg +15 | Rihaakuru +10 | Lonumirus +5 | Extra Portion +30,https://lonumedhu.com/sites/default/files/cover%20-%20saagu%20bondibaih.jpg
lm004,Kandu Kukulhu,,Curries,95,Traditional Maldivian tuna rolls simmered in a rich coconut curry.,,no,1,yes,yes,yes,no,no,no,Steamed Rice +20 | Roshi (2 pcs) +20 | Extra Curry +25 | Extra Chili +0,https://lonumedhu.com/sites/default/files/cover%20-%20kandu%20kukulhu%20riha.jpg
lm005,Kukulhu Biriyani,,Rice & Noodles,110,Fragrant Maldivian-style chicken biriyani with aromatic spices.,,no,0,no,yes,yes,no,no,no,Fried Egg +15 | Rihaakuru +10 | Lonumirus +5 | Extra Portion +30,https://lonumedhu.com/sites/default/files/cover%20-%20kukulhu%20biriyani.jpg
lm006,Maalhoskeylu Kandhi,,Maldivian Specialties,65,Traditional Maldivian speciality prepared with familiar island flavours.,,yes,0,no,no,yes,no,no,no,Vanilla Ice Cream +25 | Condensed Milk +10,https://lonumedhu.com/sites/default/files/Cover%20image%20web.jpg
lm007,Dhon Anbu Riha,,Curries,95,Traditional Maldivian dhon anbu riha cooked with aromatic spices and local flavours.,,yes,1,yes,no,yes,no,no,no,Steamed Rice +20 | Roshi (2 pcs) +20 | Extra Curry +25 | Extra Chili +0,https://lonumedhu.com/sites/default/files/cover%20-%20dhon%20anbu%20riha.jpg
lm008,Masmirus Noodles,,Sides & Condiments,20,Traditional Maldivian accompaniment that adds extra flavour to local meals.,,no,2,no,no,yes,yes,no,no,Small | Regular | Large,https://lonumedhu.com/sites/default/files/cover%20-%20masmirus%20noodles.jpg
lm009,Fish Curry,,Fish & Seafood,95,Maldivian fish speciality seasoned with aromatic spices and local ingredients.,,no,1,yes,no,yes,no,no,no,Steamed Rice +20 | Roshi (2 pcs) +20 | Lime +0 | Lonumirus +5,https://lonumedhu.com/sites/default/files/cover%20-%20mas%20riha.jpg
lm010,Caramel Folhi,,Sweet Treats,35,"Traditional Maldivian sweet treat, perfect with tea or after a meal.",,yes,0,no,no,yes,no,no,no,Vanilla Ice Cream +25 | Condensed Milk +10,https://lonumedhu.com/sites/default/files/cover%20photo_23.jpg
lm011,Dhon Riha,,Curries,95,Traditional Maldivian dhon riha cooked with aromatic spices and local flavours.,,no,1,yes,no,yes,no,no,no,Steamed Rice +20 | Roshi (2 pcs) +20 | Extra Curry +25 | Extra Chili +0,https://lonumedhu.com/sites/default/files/cover%20-%20dhon%20riha.jpg
lm012,Cake Folhi,,Baked Savory,18,Traditional Maldivian savoury tea-time snack with rich local flavours.,,no,0,no,no,yes,no,no,no,3 pcs | 5 pcs | 10 pcs | Chili Sauce +5,https://lonumedhu.com/sites/default/files/cover%20shot_7.jpg
lm013,Fehi Paan Boakibaa,,Sweet Treats,35,"Traditional Maldivian sweet treat, perfect with tea or after a meal.",,yes,0,no,no,yes,no,no,no,Vanilla Ice Cream +25 | Condensed Milk +10,https://lonumedhu.com/sites/default/files/cover%20shot_3.jpg
lm014,Fihunu Atta Fuh Gulha,,Fried Savory,12,"Popular Maldivian hedhikaa, crisp outside and savoury inside.",,no,1,no,no,yes,no,no,no,3 pcs | 5 pcs | 10 pcs | Chili Sauce +5,https://lonumedhu.com/sites/default/files/cover%20-%20fihunu%20gulha.jpg
lm015,Kiru Rihaakuru Dhiya,,Sweet Treats,35,"Traditional Maldivian sweet treat, perfect with tea or after a meal.",,no,2,no,no,yes,no,no,no,Steamed Rice +20 | Roshi (2 pcs) +20 | Extra Curry +25 | Extra Chili +0,https://lonumedhu.com/sites/default/files/cover%20-%20rihaakuru%20dhiya.jpg
lm016,Hanaakuri Boava,,Maldivian Specialties,65,Traditional Maldivian speciality prepared with familiar island flavours.,,no,2,no,no,yes,no,no,no,Steamed Rice +20 | Roshi (2 pcs) +20 | Extra Chili +0 | Lime +0,https://lonumedhu.com/sites/default/files/cover%20-%20Hanaakuri%20Boava.jpg
lm017,Hanaakuri Masdhalhu,,Fish & Seafood,95,Maldivian fish speciality seasoned with aromatic spices and local ingredients.,,no,2,yes,no,yes,no,no,no,Steamed Rice +20 | Roshi (2 pcs) +20 | Lime +0 | Lonumirus +5,https://lonumedhu.com/sites/default/files/cover%20-%20hanaakuri%20masdhalhu.jpg
lm018,Theyo Mirus Baiy,,Rice & Noodles,85,Comforting Maldivian theyo mirus baiy prepared as a hearty rice or noodle dish.,,no,1,yes,no,yes,no,no,no,Fried Egg +15 | Rihaakuru +10 | Lonumirus +5 | Extra Portion +30,https://lonumedhu.com/sites/default/files/cover%20-%20theyo%20mirus%20baiy.jpg
lm019,Huni Baiy,,Rice & Noodles,85,Comforting Maldivian huni baiy prepared as a hearty rice or noodle dish.,,no,0,no,no,yes,no,no,no,Fried Egg +15 | Rihaakuru +10 | Lonumirus +5 | Extra Portion +30,https://lonumedhu.com/sites/default/files/cover%20-%20huni%20baiy%20web_0.jpg
lm020,Muru Muru,,Fried Savory,12,"Popular Maldivian hedhikaa, crisp outside and savoury inside.",,no,0,no,no,yes,no,no,no,3 pcs | 5 pcs | 10 pcs | Chili Sauce +5,https://lonumedhu.com/sites/default/files/cover%20-%20muru%20muru.jpg
lm021,Baked Bean Curry,,Maldivian Specialties,65,Traditional Maldivian speciality prepared with familiar island flavours.,,yes,0,no,no,yes,no,no,no,Steamed Rice +20 | Roshi (2 pcs) +20 | Extra Curry +25 | Extra Chili +0,https://lonumedhu.com/sites/default/files/Cover%20-%20baked%20bean%20curry_1.jpg
lm022,Chichanda Mashuni,,Maldivian Breakfast,55,Traditional Maldivian chichanda mashuni prepared with fresh local flavours.,,no,0,no,no,yes,no,no,no,Roshi (2 pcs) +20 | Fried Egg +15 | Extra Mashuni +25 | Extra Chili +0,https://lonumedhu.com/sites/default/files/cover%20-%20chichanda%20mashuni.jpg
lm023,Raiy Bondibaiy,,Rice & Noodles,85,Comforting Maldivian raiy bondibaiy prepared as a hearty rice or noodle dish.,,no,0,no,no,yes,no,no,no,Fried Egg +15 | Rihaakuru +10 | Lonumirus +5 | Extra Portion +30,https://lonumedhu.com/sites/default/files/cover%20-%20raih%20bondibaih.jpg
lm024,Karaa Fani,,Traditional Drinks,45,Traditional chilled watermelon drink.,,yes,0,no,no,yes,yes,no,no,Large +15 | Less Sugar +0 | No Sugar +0 | Extra Ice +0,https://lonumedhu.com/sites/default/files/cover%20-%20karaafani.jpg
lm025,Tuna Sandwich,,Sandwiches & Panini,95,Tuna sandwich with fresh salad and creamy house dressing.,,no,1,yes,no,yes,no,no,no,Cheese +15 | Fried Egg +15 | Extra Tuna +25 | Fries +30 | Toasted +0,https://www.gastronomiac.com/wp/wp-content/uploads/2018/03/Sandwich-sous-marin.jpg
lm026,Quick Anbu Asaara,,Sides & Condiments,20,Traditional Maldivian accompaniment that adds extra flavour to local meals.,,no,1,no,no,yes,yes,no,no,Small | Regular | Large,https://lonumedhu.com/sites/default/files/Cover-photo.jpg
lm027,Saagu Kan’dhi,,Sweet Treats,35,"Traditional Maldivian sweet treat, perfect with tea or after a meal.",,yes,0,no,no,yes,no,no,no,Vanilla Ice Cream +25 | Condensed Milk +10,https://lonumedhu.com/sites/default/files/Saagu-kandhi-cover.jpg
lm028,Carrot Asaara,,Sides & Condiments,20,Traditional Maldivian accompaniment that adds extra flavour to local meals.,,no,1,no,no,yes,yes,no,no,Small | Regular | Large,https://lonumedhu.com/sites/default/files/carrot-asaara-cover.jpg
lm029,Lonumirus Kukulhu Riha,,Sides & Condiments,20,Traditional Maldivian accompaniment that adds extra flavour to local meals.,,no,2,no,no,yes,yes,no,no,Steamed Rice +20 | Roshi (2 pcs) +20 | Extra Curry +25 | Extra Chili +0,https://lonumedhu.com/sites/default/files/Lonumirus-Kukulhu-Riha-cover.jpg
lm030,Raiy Mashuni,,Maldivian Breakfast,55,Traditional Maldivian raiy mashuni prepared with fresh local flavours.,,no,3,yes,yes,yes,no,no,no,Roshi (2 pcs) +20 | Fried Egg +15 | Extra Mashuni +25 | Extra Chili +0,https://lonumedhu.com/sites/default/files/rai-mashuni-cover.jpg
lm031,Kulhi Roshi,,Maldivian Specialties,65,Traditional Maldivian speciality prepared with familiar island flavours.,,no,2,no,no,yes,no,no,no,3 pcs | 5 pcs | 10 pcs | Chili Sauce +5,https://lonumedhu.com/sites/default/files/kulhiroshi-cover.jpg
lm032,Maldivian Kulhi Riha,,Curries,95,Rich and spicy Maldivian tuna curry with coconut and spices.,,no,2,yes,no,yes,no,no,no,Steamed Rice +20 | Roshi (2 pcs) +20 | Extra Curry +25 | Extra Chili +0,https://lonumedhu.com/sites/default/files/kulhi-riha-cover.jpg
lm033,Oh Keemiya,,Fried Savory,12,"Popular Maldivian hedhikaa, crisp outside and savoury inside.",,no,0,no,no,yes,no,no,no,3 pcs | 5 pcs | 10 pcs | Chili Sauce +5,https://lonumedhu.com/sites/default/files/ohkeemiya-cover_0.jpg
lm034,Hanaakuri Kukulhu Mey,,Curries,95,Traditional Maldivian hanaakuri kukulhu mey cooked with aromatic spices and local flavours.,,no,2,yes,no,yes,no,no,no,Steamed Rice +20 | Roshi (2 pcs) +20 | Extra Curry +25 | Extra Chili +0,https://lonumedhu.com/sites/default/files/chicken-liver-cover.jpg
lm035,Ravaa Boakibaa,,Sweet Treats,35,"Traditional Maldivian sweet treat, perfect with tea or after a meal.",,yes,0,no,no,yes,no,no,no,Vanilla Ice Cream +25 | Condensed Milk +10,https://lonumedhu.com/sites/default/files/ravaa-boakiba-cover.jpg
lm036,Majaa,,Maldivian Specialties,65,Traditional Maldivian speciality prepared with familiar island flavours.,,no,2,no,no,yes,no,no,no,Small | Regular | Large,https://lonumedhu.com/sites/default/files/maja%20cover.jpg
lm037,Kukulhu Garudhiya,,Curries,95,Traditional Maldivian kukulhu garudhiya cooked with aromatic spices and local flavours.,,no,1,yes,no,yes,no,no,no,Steamed Rice +20 | Roshi (2 pcs) +20 | Extra Curry +25 | Extra Chili +0,https://lonumedhu.com/sites/default/files/kukulhu%20garudhiya%20cover.jpg
lm038,Foni Biscoadhu,,Fried Savory,12,"Popular Maldivian hedhikaa, crisp outside and savoury inside.",,no,0,no,no,yes,no,no,no,3 pcs | 5 pcs | 10 pcs | Chili Sauce +5,https://lonumedhu.com/sites/default/files/foni-biskoadhu-cover.jpg
lm039,Handoo Gulha,,Fried Savory,12,"Popular Maldivian hedhikaa, crisp outside and savoury inside.",,no,0,no,yes,yes,no,no,no,3 pcs | 5 pcs | 10 pcs | Chili Sauce +5,https://lonumedhu.com/sites/default/files/Handoo%20Gulha%201.jpg
lm040,Zileybi,,Fried Savory,12,"Popular Maldivian hedhikaa, crisp outside and savoury inside.",,no,0,no,no,yes,no,no,no,3 pcs | 5 pcs | 10 pcs | Chili Sauce +5,https://lonumedhu.com/sites/default/files/Zileybi%20Cover%202.jpg
lm041,Easy Kulhi Mas,,Fish & Seafood,95,Maldivian fish speciality seasoned with aromatic spices and local ingredients.,,no,2,yes,no,yes,no,no,no,Steamed Rice +20 | Roshi (2 pcs) +20 | Lime +0 | Lonumirus +5,https://lonumedhu.com/sites/default/files/Cover-Photo_14.jpg
lm042,Valhomas Kulhi Riha,,Curries,95,Traditional Maldivian valhomas kulhi riha cooked with aromatic spices and local flavours.,,no,2,yes,no,yes,no,no,no,Steamed Rice +20 | Roshi (2 pcs) +20 | Extra Curry +25 | Extra Chili +0,https://lonumedhu.com/sites/default/files/Valhomas%20Kulhi%20Riha%203.jpg
lm043,Bis Cutlets,,Fried Savory,12,"Popular Maldivian hedhikaa, crisp outside and savoury inside.",,no,0,no,no,yes,no,no,no,3 pcs | 5 pcs | 10 pcs | Chili Sauce +5,https://lonumedhu.com/sites/default/files/Cover-Image.jpg
lm044,Kashikeyo Fani,,Traditional Drinks,45,Refreshing traditional screwpine fruit juice.,,yes,0,no,yes,yes,yes,no,no,Large +15 | Less Sugar +0 | No Sugar +0 | Extra Ice +0,https://lonumedhu.com/sites/default/files/Kashikeyo%20Fani%20photo5.jpg
lm045,Aluvi Sambol,,Sides & Condiments,20,Traditional Maldivian accompaniment that adds extra flavour to local meals.,,yes,0,no,no,yes,yes,no,no,Small | Regular | Large,https://lonumedhu.com/sites/default/files/Aluvi%20Sambol%201.jpg
lm046,Theluli Mushimas,,Fish & Seafood,95,Whole fish seasoned with spices and fried until crisp.,,no,1,yes,yes,yes,no,no,no,Steamed Rice +20 | Roshi (2 pcs) +20 | Lime +0 | Lonumirus +5,https://lonumedhu.com/sites/default/files/TheluliMushimas1.jpg
lm047,Gabulhi Boakibaa,,Sweet Treats,35,"Traditional Maldivian sweet treat, perfect with tea or after a meal.",,yes,0,no,no,yes,no,no,no,Vanilla Ice Cream +25 | Condensed Milk +10,https://lonumedhu.com/sites/default/files/GabulhiBoakibaa2.jpg
lm048,Bambukeyolee Baiy,,Rice & Noodles,85,Comforting Maldivian bambukeyolee baiy prepared as a hearty rice or noodle dish.,,yes,0,no,no,yes,no,no,no,Fried Egg +15 | Rihaakuru +10 | Lonumirus +5 | Extra Portion +30,https://lonumedhu.com/sites/default/files/Bambukeyolee%20Baiy%201.jpg
lm049,Aluvi Mashuni,,Maldivian Breakfast,55,Traditional Maldivian aluvi mashuni prepared with fresh local flavours.,,no,0,no,no,yes,no,no,no,Roshi (2 pcs) +20 | Fried Egg +15 | Extra Mashuni +25 | Extra Chili +0,https://lonumedhu.com/sites/default/files/Aluvi%20Mashuni1.jpg
lm050,Kopeefathu Mas Huni,,Maldivian Breakfast,55,Traditional Maldivian kopeefathu mas huni prepared with fresh local flavours.,,no,0,no,no,yes,no,no,no,Roshi (2 pcs) +20 | Fried Egg +15 | Extra Mashuni +25 | Extra Chili +0,/api/img/lm050
lm051,Bambukeyo Kirugarudhiya,,Sweet Treats,35,"Traditional Maldivian sweet treat, perfect with tea or after a meal.",,yes,0,no,no,yes,no,no,no,Steamed Rice +20 | Roshi (2 pcs) +20 | Extra Curry +25 | Extra Chili +0,/api/img/lm051
lm052,Kiru Folhi,,Maldivian Breakfast,55,Traditional Maldivian speciality prepared with familiar island flavours.,,no,0,no,no,yes,no,no,no,Curry Side +25 | Honey +10,https://lonumedhu.com/sites/default/files/KiruFolhi2.jpg
lm053,Hanaakuri Havaadhu,,Sides & Condiments,20,Traditional Maldivian accompaniment that adds extra flavour to local meals.,,no,2,no,no,yes,yes,no,no,Small | Regular | Large,https://lonumedhu.com/sites/default/files/Hanaakuri%20Havaadhu%201.jpg
lm054,Lonu Kandhi,,Maldivian Breakfast,55,Traditional Maldivian speciality prepared with familiar island flavours.,,no,0,no,no,yes,no,no,no,Roshi (2 pcs) +20 | Fried Egg +15 | Extra Chili +0,https://lonumedhu.com/sites/default/files/Lonu%20Kandhi%201.jpg
lm055,Boashi Mas Huni,,Sides & Condiments,20,Traditional Maldivian boashi mas huni prepared with fresh local flavours.,,no,0,no,no,yes,yes,no,no,Roshi (2 pcs) +20 | Fried Egg +15 | Extra Mashuni +25 | Extra Chili +0,https://lonumedhu.com/sites/default/files/Boashi%20Mashuni1.jpg
lm056,Bambukeyo Bongara,,Curries,95,Traditional Maldivian bambukeyo bongara cooked with aromatic spices and local flavours.,,yes,1,yes,no,yes,no,no,no,Steamed Rice +20 | Roshi (2 pcs) +20 | Extra Curry +25 | Extra Chili +0,https://lonumedhu.com/sites/default/files/BambukeyoBongara1.jpg
lm057,Fiyaa Satani,,Sides & Condiments,20,Traditional Maldivian accompaniment that adds extra flavour to local meals.,,no,1,no,no,yes,yes,no,no,Small | Regular | Large,https://lonumedhu.com/sites/default/files/FiyaaSatani1.jpg
lm058,Roosihaa Baiy,,Rice & Noodles,85,Comforting Maldivian roosihaa baiy prepared as a hearty rice or noodle dish.,,no,0,no,no,yes,no,no,no,Fried Egg +15 | Rihaakuru +10 | Lonumirus +5 | Extra Portion +30,https://lonumedhu.com/sites/default/files/RoosihaaBaiy2.jpg
lm059,Hanaakuri Kukulhu,,Curries,95,Traditional Maldivian hanaakuri kukulhu cooked with aromatic spices and local flavours.,,no,2,yes,no,yes,no,no,no,Steamed Rice +20 | Roshi (2 pcs) +20 | Extra Curry +25 | Extra Chili +0,https://lonumedhu.com/sites/default/files/HanaakuriKukulhu2.jpg
lm060,Hanaakuri Huni Havaadhu,,Sides & Condiments,20,Traditional Maldivian accompaniment that adds extra flavour to local meals.,,no,2,no,no,yes,yes,no,no,Small | Regular | Large,https://lonumedhu.com/sites/default/files/hanaakurihunihavaadhu.jpg
lm061,Tuna Patties,,Fried Savory,12,"Popular Maldivian hedhikaa, crisp outside and savoury inside.",,no,0,no,no,yes,no,no,no,3 pcs | 5 pcs | 10 pcs | Chili Sauce +5,https://lonumedhu.com/sites/default/files/Patties4.jpg
lm062,Fuh Jehi Kavaabu,,Fried Savory,12,"Popular Maldivian hedhikaa, crisp outside and savoury inside.",,no,0,no,no,yes,no,no,no,3 pcs | 5 pcs | 10 pcs | Chili Sauce +5,https://lonumedhu.com/sites/default/files/Fuhjehikavaabu.jpg
lm063,Kopee Fathu Satani,,Sides & Condiments,20,Traditional Maldivian accompaniment that adds extra flavour to local meals.,,no,1,no,no,yes,yes,no,no,Small | Regular | Large,/api/img/lm063
lm064,Fihunu Mas,,Fish & Seafood,95,"Maldivian spiced fish, baked or grilled until aromatic and tender.",,no,1,yes,yes,yes,no,no,no,Steamed Rice +20 | Roshi (2 pcs) +20 | Lime +0 | Lonumirus +5,https://lonumedhu.com/sites/default/files/Fihunumas.jpg
lm065,Aluvi Kirugarudhiya,,Sweet Treats,35,"Traditional Maldivian sweet treat, perfect with tea or after a meal.",,yes,0,no,no,yes,no,no,no,Steamed Rice +20 | Roshi (2 pcs) +20 | Extra Curry +25 | Extra Chili +0,https://lonumedhu.com/sites/default/files/aluvi%20kirugarudhiya%202.jpg
lm066,Kaamaranga,,Fried Savory,12,"Popular Maldivian hedhikaa, crisp outside and savoury inside.",,no,0,no,no,yes,no,no,no,3 pcs | 5 pcs | 10 pcs | Chili Sauce +5,https://lonumedhu.com/sites/default/files/Kaamaranga.jpg
lm067,Boashi Hikikoh,,Sides & Condiments,20,Traditional Maldivian accompaniment that adds extra flavour to local meals.,,yes,0,no,no,yes,yes,no,no,Small | Regular | Large,https://lonumedhu.com/sites/default/files/BoashiHikikoh.jpg
lm068,Rolls,,Fried Savory,12,"Popular Maldivian hedhikaa, crisp outside and savoury inside.",,no,0,no,no,yes,no,no,no,3 pcs | 5 pcs | 10 pcs | Chili Sauce +5,https://lonumedhu.com/sites/default/files/Rolls3.jpg
lm069,Barabo Baiy,,Rice & Noodles,85,Comforting Maldivian barabo baiy prepared as a hearty rice or noodle dish.,,yes,0,no,no,yes,no,no,no,Fried Egg +15 | Rihaakuru +10 | Lonumirus +5 | Extra Portion +30,https://lonumedhu.com/sites/default/files/BaraboBaiy2.jpg
lm070,Dhandi Aluvi Boakibaa,,Sweet Treats,35,"Traditional Maldivian sweet treat, perfect with tea or after a meal.",,yes,0,no,no,yes,no,no,no,Vanilla Ice Cream +25 | Condensed Milk +10,/api/img/lm070
lm071,Kashikeyo Kan’dhi,,Sweet Treats,35,"Traditional Maldivian sweet treat, perfect with tea or after a meal.",,yes,0,no,no,yes,no,no,no,Vanilla Ice Cream +25 | Condensed Milk +10,https://lonumedhu.com/sites/default/files/KashikeyoKandhi.jpg
lm072,Masburi Riha,,Curries,95,Traditional Maldivian masburi riha cooked with aromatic spices and local flavours.,,no,3,yes,no,yes,no,no,no,Steamed Rice +20 | Roshi (2 pcs) +20 | Extra Curry +25 | Extra Chili +0,/api/img/lm072
lm073,Lonumirus Rihaakuru,,Sides & Condiments,20,Traditional Maldivian accompaniment that adds extra flavour to local meals.,,no,2,no,no,yes,yes,no,no,Steamed Rice +20 | Roshi (2 pcs) +20 | Extra Curry +25 | Extra Chili +0,https://lonumedhu.com/sites/default/files/LonumirusRihaakuru.jpg
lm074,Kukulhu Musamma,,Curries,95,Traditional Maldivian kukulhu musamma cooked with aromatic spices and local flavours.,,no,1,yes,no,yes,no,no,no,Steamed Rice +20 | Roshi (2 pcs) +20 | Extra Curry +25 | Extra Chili +0,https://lonumedhu.com/sites/default/files/KukulhuMusamma.jpg
lm075,Naanakataa,,Fried Savory,12,"Popular Maldivian hedhikaa, crisp outside and savoury inside.",,no,0,no,no,yes,no,no,no,3 pcs | 5 pcs | 10 pcs | Chili Sauce +5,https://lonumedhu.com/sites/default/files/naanakataa2.jpg
lm076,Farumas Riha,,Curries,95,Traditional Maldivian farumas riha cooked with aromatic spices and local flavours.,,no,1,yes,no,yes,no,no,no,Steamed Rice +20 | Roshi (2 pcs) +20 | Extra Curry +25 | Extra Chili +0,https://lonumedhu.com/sites/default/files/FarumahuRihaBright.jpg
lm077,Githeyo Boakibaa,,Sweet Treats,35,"Traditional Maldivian sweet treat, perfect with tea or after a meal.",,yes,0,no,no,yes,no,no,no,Vanilla Ice Cream +25 | Condensed Milk +10,https://lonumedhu.com/sites/default/files/GitheyoBoakibaa1.jpg
lm078,Banbukeylu Hithi,,Curries,95,Traditional Maldivian banbukeylu hithi cooked with aromatic spices and local flavours.,,no,1,yes,no,yes,no,no,no,Steamed Rice +20 | Roshi (2 pcs) +20 | Extra Curry +25 | Extra Chili +0,https://lonumedhu.com/sites/default/files/BanbukeyluHithi.jpg
lm079,Cutlets,,Fried Savory,12,"Popular Maldivian hedhikaa, crisp outside and savoury inside.",,no,0,no,no,yes,no,no,no,3 pcs | 5 pcs | 10 pcs | Chili Sauce +5,https://lonumedhu.com/sites/default/files/Cutlets1.jpg
lm080,Dhirifiyaalee Baiy,,Rice & Noodles,85,Comforting Maldivian dhirifiyaalee baiy prepared as a hearty rice or noodle dish.,,no,0,no,no,yes,no,no,no,Fried Egg +15 | Rihaakuru +10 | Lonumirus +5 | Extra Portion +30,https://lonumedhu.com/sites/default/files/Dhirifiyaalee%20Baiy.jpg
lm081,Juice Petty,,Sweet Treats,35,"Traditional Maldivian sweet treat, perfect with tea or after a meal.",,yes,0,no,no,yes,no,no,no,Vanilla Ice Cream +25 | Condensed Milk +10,https://lonumedhu.com/sites/default/files/JuicePetty.jpg
lm082,Theluli Boashi,,Sides & Condiments,20,Traditional Maldivian accompaniment that adds extra flavour to local meals.,,yes,0,no,no,yes,yes,no,no,Small | Regular | Large,https://lonumedhu.com/sites/default/files/Theluli%20Boashi.jpg
lm083,Falholee Baiy,,Rice & Noodles,85,Comforting Maldivian falholee baiy prepared as a hearty rice or noodle dish.,,no,0,no,no,yes,no,no,no,Fried Egg +15 | Rihaakuru +10 | Lonumirus +5 | Extra Portion +30,https://lonumedhu.com/sites/default/files/FalhoBaiyOpt4.jpg
lm084,Bis Riha,,Curries,95,Traditional Maldivian bis riha cooked with aromatic spices and local flavours.,,no,1,yes,no,yes,no,no,no,Steamed Rice +20 | Roshi (2 pcs) +20 | Extra Curry +25 | Extra Chili +0,https://lonumedhu.com/sites/default/files/Bisriha.jpg
lm085,Barabo Mas Huni,,Maldivian Breakfast,55,Traditional Maldivian barabo mas huni prepared with fresh local flavours.,,no,0,no,no,yes,no,no,no,Roshi (2 pcs) +20 | Fried Egg +15 | Extra Mashuni +25 | Extra Chili +0,/api/img/lm085
lm086,Thoraa Kirugarudhiya,,Sweet Treats,35,"Traditional Maldivian sweet treat, perfect with tea or after a meal.",,yes,0,no,no,yes,no,no,no,Steamed Rice +20 | Roshi (2 pcs) +20 | Extra Curry +25 | Extra Chili +0,/api/img/lm086
lm087,Kaaliyaa Birinjee,,Rice & Noodles,85,Comforting Maldivian kaaliyaa birinjee prepared as a hearty rice or noodle dish.,,no,0,no,no,yes,no,no,no,Fried Egg +15 | Rihaakuru +10 | Lonumirus +5 | Extra Portion +30,/api/img/lm087
lm088,Cornflour Kiruboakibaa,,Sweet Treats,35,"Traditional Maldivian sweet treat, perfect with tea or after a meal.",,yes,0,no,no,yes,no,no,no,Vanilla Ice Cream +25 | Condensed Milk +10,https://lonumedhu.com/sites/default/files/Cornflour5.jpg
lm089,Masdhalhu Masbaiy,,Rice & Noodles,85,Comforting Maldivian masdhalhu masbaiy prepared as a hearty rice or noodle dish.,,no,0,no,no,yes,no,no,no,Fried Egg +15 | Rihaakuru +10 | Lonumirus +5 | Extra Portion +30,https://lonumedhu.com/sites/default/files/MasdhalhuMasbaiy2.jpg
lm090,Valhomas Kirugarudhiya,,Sweet Treats,35,"Traditional Maldivian sweet treat, perfect with tea or after a meal.",,no,0,no,no,yes,no,no,no,Steamed Rice +20 | Roshi (2 pcs) +20 | Extra Curry +25 | Extra Chili +0,https://lonumedhu.com/sites/default/files/Kirugarudhiya1.jpg
lm091,Rihaakuru Boakibaa,,Baked Savory,18,Traditional Maldivian savoury tea-time snack with rich local flavours.,,no,2,no,no,yes,no,no,no,Steamed Rice +20 | Roshi (2 pcs) +20 | Extra Curry +25 | Extra Chili +0,https://lonumedhu.com/sites/default/files/RihaakuruBoakibaa2.jpg
lm092,Masfathafolhi,,Baked Savory,18,Traditional Maldivian savoury tea-time snack with rich local flavours.,,no,0,no,no,yes,no,no,no,3 pcs | 5 pcs | 10 pcs | Chili Sauce +5,/api/img/lm092
lm093,Kaashi Pudding,,Sweet Treats,35,"Traditional Maldivian sweet treat, perfect with tea or after a meal.",,yes,0,no,no,yes,no,no,no,Vanilla Ice Cream +25 | Condensed Milk +10,/api/img/lm093
lm094,Fehi Boakibaa,,Baked Savory,18,Traditional Maldivian savoury tea-time snack with rich local flavours.,,no,0,no,no,yes,no,no,no,3 pcs | 5 pcs | 10 pcs | Chili Sauce +5,/api/img/lm094
lm095,Huni Roshi,,Maldivian Breakfast,55,Traditional Maldivian speciality prepared with familiar island flavours.,,no,0,no,no,yes,no,no,no,Butter +5 | Fried Egg +15 | Mas Huni +25,/api/img/lm095
lm096,Fundi Satani,,Sides & Condiments,20,Traditional Maldivian accompaniment that adds extra flavour to local meals.,,no,1,no,no,yes,yes,no,no,Small | Regular | Large,/api/img/lm096
lm097,Bisgandu Riha,,Curries,95,Traditional Maldivian bisgandu riha cooked with aromatic spices and local flavours.,,no,1,yes,no,yes,no,no,no,Steamed Rice +20 | Roshi (2 pcs) +20 | Extra Curry +25 | Extra Chili +0,/api/img/lm097
lm098,Kiru,,Sweet Treats,35,"Traditional Maldivian sweet treat, perfect with tea or after a meal.",,yes,0,no,no,yes,no,no,no,Vanilla Ice Cream +25 | Condensed Milk +10,/api/img/lm098
lm099,Mugu Baiy,,Rice & Noodles,85,Comforting Maldivian mugu baiy prepared as a hearty rice or noodle dish.,,yes,0,no,no,yes,no,no,no,Fried Egg +15 | Rihaakuru +10 | Lonumirus +5 | Extra Portion +30,/api/img/lm099
lm100,Kirukeyo,,Sweet Treats,35,"Traditional Maldivian sweet treat, perfect with tea or after a meal.",,yes,0,no,no,yes,no,no,no,Vanilla Ice Cream +25 | Condensed Milk +10,/api/img/lm100
lm101,Valhomas Hiki Riha,,Curries,95,Traditional Maldivian valhomas hiki riha cooked with aromatic spices and local flavours.,,no,2,yes,no,yes,no,no,no,Steamed Rice +20 | Roshi (2 pcs) +20 | Extra Curry +25 | Extra Chili +0,/api/img/lm101
lm102,Folaa,,Rice & Noodles,85,Comforting Maldivian folaa prepared as a hearty rice or noodle dish.,,no,0,no,no,yes,no,no,no,Fried Egg +15 | Rihaakuru +10 | Lonumirus +5 | Extra Portion +30,/api/img/lm102
lm103,Mugu Bondibaiy,,Rice & Noodles,85,Comforting Maldivian mugu bondibaiy prepared as a hearty rice or noodle dish.,,yes,0,no,no,yes,no,no,no,Fried Egg +15 | Rihaakuru +10 | Lonumirus +5 | Extra Portion +30,/api/img/lm103
lm104,Fufoo Kan’dhi,,Sweet Treats,35,"Traditional Maldivian sweet treat, perfect with tea or after a meal.",,yes,0,no,no,yes,no,no,no,Vanilla Ice Cream +25 | Condensed Milk +10,/api/img/lm104
lm105,Custard,,Sweet Treats,35,"Traditional Maldivian sweet treat, perfect with tea or after a meal.",,yes,0,no,no,yes,no,no,no,Vanilla Ice Cream +25 | Condensed Milk +10,/api/img/lm105
lm106,Masmirus,,Sides & Condiments,20,Traditional Maldivian accompaniment that adds extra flavour to local meals.,,no,2,no,no,yes,yes,no,no,Small | Regular | Large,/api/img/lm106
lm107,Bakari Riha,,Curries,120,Traditional Maldivian bakari riha cooked with aromatic spices and local flavours.,,no,1,yes,no,yes,no,no,no,Steamed Rice +20 | Roshi (2 pcs) +20 | Extra Curry +25 | Extra Chili +0,/api/img/lm107
lm108,Rava Pirini,,Sweet Treats,35,"Traditional Maldivian sweet treat, perfect with tea or after a meal.",,yes,0,no,no,yes,no,no,no,Vanilla Ice Cream +25 | Condensed Milk +10,/api/img/lm108
lm109,Aluvi Riha,,Curries,95,Traditional Maldivian aluvi riha cooked with aromatic spices and local flavours.,,yes,1,yes,no,yes,no,no,no,Steamed Rice +20 | Roshi (2 pcs) +20 | Extra Curry +25 | Extra Chili +0,/api/img/lm109
lm110,Paan Boakibaa,,Sweet Treats,35,"Traditional Maldivian sweet treat, perfect with tea or after a meal.",,yes,0,no,no,yes,no,no,no,Vanilla Ice Cream +25 | Condensed Milk +10,/api/img/lm110
lm111,Fuh Gulha,,Fried Savory,12,"Popular Maldivian hedhikaa, crisp outside and savoury inside.",,no,0,no,no,yes,no,no,no,3 pcs | 5 pcs | 10 pcs | Chili Sauce +5,/api/img/lm111
lm112,Kulhlhafilaafathu Satani,,Sides & Condiments,20,Traditional Maldivian accompaniment that adds extra flavour to local meals.,,no,1,no,no,yes,yes,no,no,Small | Regular | Large,/api/img/lm112
lm113,Aveli,,Fried Savory,12,"Popular Maldivian hedhikaa, crisp outside and savoury inside.",,no,0,no,no,yes,no,no,no,3 pcs | 5 pcs | 10 pcs | Chili Sauce +5,/api/img/lm113
lm114,Maafuh,,Fried Savory,12,"Popular Maldivian hedhikaa, crisp outside and savoury inside.",,no,0,no,no,yes,no,no,no,3 pcs | 5 pcs | 10 pcs | Chili Sauce +5,/api/img/lm114
lm115,Saagu Fani,,Sweet Treats,35,"Traditional Maldivian sweet treat, perfect with tea or after a meal.",,yes,0,no,no,yes,no,no,no,Vanilla Ice Cream +25 | Condensed Milk +10,/api/img/lm115
lm116,Kandu Mahu Musamma,,Fish & Seafood,95,Maldivian fish speciality seasoned with aromatic spices and local ingredients.,,no,1,yes,no,yes,no,no,no,Steamed Rice +20 | Roshi (2 pcs) +20 | Lime +0 | Lonumirus +5,/api/img/lm116
lm117,Rihaakuru Folhi,,Baked Savory,18,Traditional Maldivian savoury tea-time snack with rich local flavours.,,no,2,no,no,yes,no,no,no,Steamed Rice +20 | Roshi (2 pcs) +20 | Extra Curry +25 | Extra Chili +0,/api/img/lm117
lm118,Theluli Mas,,Fish & Seafood,95,Maldivian fish speciality seasoned with aromatic spices and local ingredients.,,no,1,yes,no,yes,no,no,no,Steamed Rice +20 | Roshi (2 pcs) +20 | Lime +0 | Lonumirus +5,/api/img/lm118
lm119,Bashi Hiki Riha,,Curries,95,Traditional Maldivian bashi hiki riha cooked with aromatic spices and local flavours.,,yes,2,yes,no,yes,no,no,no,Steamed Rice +20 | Roshi (2 pcs) +20 | Extra Curry +25 | Extra Chili +0,/api/img/lm119
lm120,Boakuri Bambukeyo,,Sweet Treats,35,"Traditional Maldivian sweet treat, perfect with tea or after a meal.",,yes,0,no,no,yes,no,no,no,Vanilla Ice Cream +25 | Condensed Milk +10,/api/img/lm120
lm121,Bambukeyo Sanneti,,Maldivian Specialties,65,Traditional Maldivian speciality prepared with familiar island flavours.,,yes,0,no,no,yes,no,no,no,Steamed Rice +20 | Roshi (2 pcs) +20 | Rihaakuru +10,/api/img/lm121
lm122,Gulha Riha,,Fried Savory,12,"Popular Maldivian hedhikaa, crisp outside and savoury inside.",,no,0,no,no,yes,no,no,no,Steamed Rice +20 | Roshi (2 pcs) +20 | Extra Curry +25 | Extra Chili +0,/api/img/lm122
lm123,Murangatholhi Kirugarudhiya,,Sweet Treats,35,"Traditional Maldivian sweet treat, perfect with tea or after a meal.",,yes,0,no,no,yes,no,no,no,Steamed Rice +20 | Roshi (2 pcs) +20 | Extra Curry +25 | Extra Chili +0,/api/img/lm123
lm124,Handulu Bondibai,,Sweet Treats,35,"Traditional Maldivian sweet treat, perfect with tea or after a meal.",,yes,0,no,no,yes,no,no,no,Vanilla Ice Cream +25 | Condensed Milk +10,/api/img/lm124
lm125,Huni Gulha,,Fried Savory,12,"Popular Maldivian hedhikaa, crisp outside and savoury inside.",,no,0,no,no,yes,no,no,no,3 pcs | 5 pcs | 10 pcs | Chili Sauce +5,/api/img/lm125
lm126,Mas Fen,,Fish & Seafood,95,Maldivian fish speciality seasoned with aromatic spices and local ingredients.,,no,1,yes,no,yes,no,no,no,Steamed Rice +20 | Roshi (2 pcs) +20 | Lime +0 | Lonumirus +5,/api/img/lm126
lm127,Haluvidhaa,,Sweet Treats,35,"Traditional Maldivian sweet treat, perfect with tea or after a meal.",,yes,0,no,no,yes,no,no,no,Vanilla Ice Cream +25 | Condensed Milk +10,/api/img/lm127
lm128,Valhomas Fried Rice,,Fried Rice,85,"Wok-fried rice with smoked tuna, vegetables, egg and savoury seasoning.",,no,0,no,no,yes,no,no,no,Fried Egg +15 | Extra Valhomas +30 | Extra Chili +0 | Extra Portion +30,https://assets.dream.clubmed/pm_7531_597_597327-w4reagoq92-swhr.jpg
lm129,Boakuri Falho,,Fried Savory,12,"Popular Maldivian hedhikaa, crisp outside and savoury inside.",,no,0,no,no,yes,no,no,no,3 pcs | 5 pcs | 10 pcs | Chili Sauce +5,/api/img/lm129
lm130,Rihaakuru Dhiya,,Curries,95,Traditional Maldivian rihaakuru dhiya cooked with aromatic spices and local flavours.,,no,2,yes,no,yes,no,no,no,Steamed Rice +20 | Roshi (2 pcs) +20 | Extra Curry +25 | Extra Chili +0,/api/img/lm130
lm131,Lonumirus,,Sides & Condiments,20,Traditional Maldivian accompaniment that adds extra flavour to local meals.,,no,2,no,no,yes,yes,no,no,Small | Regular | Large,/api/img/lm131
lm132,Tomato Rice,,Rice & Noodles,85,Comforting Maldivian tomato rice prepared as a hearty rice or noodle dish.,,no,0,no,no,yes,no,no,no,Fried Egg +15 | Rihaakuru +10 | Lonumirus +5 | Extra Portion +30,/api/img/lm132
lm133,Easy Chicken Curry,,Curries,95,Traditional Maldivian easy chicken curry cooked with aromatic spices and local flavours.,,no,1,yes,no,yes,no,no,no,Steamed Rice +20 | Roshi (2 pcs) +20 | Extra Curry +25 | Extra Chili +0,/api/img/lm133
lm134,Kavaabu,,Fried Savory,12,"Popular Maldivian hedhikaa, crisp outside and savoury inside.",,no,0,no,no,yes,no,no,no,3 pcs | 5 pcs | 10 pcs | Chili Sauce +5,/api/img/lm134
lm135,Dhonkeyo Kaju,,Fried Savory,12,"Popular Maldivian hedhikaa, crisp outside and savoury inside.",,no,0,no,no,yes,no,no,no,3 pcs | 5 pcs | 10 pcs | Chili Sauce +5,/api/img/lm135
lm136,Theluli Rihaakuru,,Curries,95,Traditional Maldivian theluli rihaakuru cooked with aromatic spices and local flavours.,,no,2,yes,no,yes,no,no,no,Steamed Rice +20 | Roshi (2 pcs) +20 | Extra Curry +25 | Extra Chili +0,/api/img/lm136
lm137,Maalhoskeylu Hiki Riha,,Curries,95,Traditional Maldivian maalhoskeylu hiki riha cooked with aromatic spices and local flavours.,,yes,2,yes,no,yes,no,no,no,Steamed Rice +20 | Roshi (2 pcs) +20 | Extra Curry +25 | Extra Chili +0,/api/img/lm137
lm138,Kiru Boakibaa,,Sweet Treats,35,"Traditional Maldivian sweet treat, perfect with tea or after a meal.",,yes,0,no,no,yes,no,no,no,Vanilla Ice Cream +25 | Condensed Milk +10,/api/img/lm138
lm139,Rihaakuru Riha,,Curries,95,Traditional Maldivian rihaakuru riha cooked with aromatic spices and local flavours.,,no,2,yes,no,yes,no,no,no,Steamed Rice +20 | Roshi (2 pcs) +20 | Extra Curry +25 | Extra Chili +0,/api/img/lm139
lm140,Boashi,,Sides & Condiments,20,Traditional Maldivian accompaniment that adds extra flavour to local meals.,,yes,0,no,no,yes,yes,no,no,Small | Regular | Large,/api/img/lm140
lm141,Muranga Fathu Riha,,Curries,95,Traditional Maldivian muranga fathu riha cooked with aromatic spices and local flavours.,,yes,1,yes,no,yes,no,no,no,Steamed Rice +20 | Roshi (2 pcs) +20 | Extra Curry +25 | Extra Chili +0,/api/img/lm141
lm142,Baked Beans Keemiya,,Fried Savory,12,"Popular Maldivian hedhikaa, crisp outside and savoury inside.",,yes,0,no,no,yes,no,no,no,3 pcs | 5 pcs | 10 pcs | Chili Sauce +5,/api/img/lm142
lm143,Riha Folhi,,Baked Savory,18,Traditional Maldivian savoury tea-time snack with rich local flavours.,,no,0,no,no,yes,no,no,no,Steamed Rice +20 | Roshi (2 pcs) +20 | Extra Curry +25 | Extra Chili +0,/api/img/lm143
lm144,Suji,,Sweet Treats,35,"Traditional Maldivian sweet treat, perfect with tea or after a meal.",,yes,0,no,no,yes,no,no,no,Vanilla Ice Cream +25 | Condensed Milk +10,/api/img/lm144
lm145,Havaadhulee Bis,,Sides & Condiments,20,Traditional Maldivian accompaniment that adds extra flavour to local meals.,,no,0,no,no,yes,yes,no,no,Small | Regular | Large,/api/img/lm145
lm146,Maskurolhi,,Fish & Seafood,95,Maldivian fish speciality seasoned with aromatic spices and local ingredients.,,no,1,yes,no,yes,no,no,no,Steamed Rice +20 | Roshi (2 pcs) +20 | Lime +0 | Lonumirus +5,/api/img/lm146
lm147,Kulhi Faaroshi,,Fried Savory,12,"Popular Maldivian hedhikaa, crisp outside and savoury inside.",,no,2,no,no,yes,no,no,no,3 pcs | 5 pcs | 10 pcs | Chili Sauce +5,/api/img/lm147
lm148,Bambukeyo Bondibai,,Sweet Treats,35,"Traditional Maldivian sweet treat, perfect with tea or after a meal.",,yes,0,no,no,yes,no,no,no,Vanilla Ice Cream +25 | Condensed Milk +10,/api/img/lm148
lm149,Roast Paan,,Baked Savory,18,Traditional Maldivian savoury tea-time snack with rich local flavours.,,no,0,no,no,yes,no,no,no,3 pcs | 5 pcs | 10 pcs | Chili Sauce +5,/api/img/lm149
lm150,Cream Jehi Banas,,Fried Savory,12,"Popular Maldivian hedhikaa, crisp outside and savoury inside.",,no,0,no,no,yes,no,no,no,3 pcs | 5 pcs | 10 pcs | Chili Sauce +5,/api/img/lm150
lm151,Kulhi Riha,,Curries,95,Traditional Maldivian kulhi riha cooked with aromatic spices and local flavours.,,no,2,yes,no,yes,no,no,no,Steamed Rice +20 | Roshi (2 pcs) +20 | Extra Curry +25 | Extra Chili +0,/api/img/lm151
lm152,Hanaakuri Mas,,Fish & Seafood,95,Maldivian fish speciality seasoned with aromatic spices and local ingredients.,,no,2,yes,no,yes,no,no,no,Steamed Rice +20 | Roshi (2 pcs) +20 | Lime +0 | Lonumirus +5,/api/img/lm152
lm153,Saagu Pudding,,Sweet Treats,35,"Traditional Maldivian sweet treat, perfect with tea or after a meal.",,yes,0,no,no,yes,no,no,no,Vanilla Ice Cream +25 | Condensed Milk +10,/api/img/lm153
lm154,Chicken Liver Curry,,Curries,95,Traditional Maldivian chicken liver curry cooked with aromatic spices and local flavours.,,no,1,yes,no,yes,no,no,no,Steamed Rice +20 | Roshi (2 pcs) +20 | Extra Curry +25 | Extra Chili +0,/api/img/lm154
lm155,Rihaakuru Garudhiya,,Curries,95,Traditional Maldivian rihaakuru garudhiya cooked with aromatic spices and local flavours.,,no,2,yes,no,yes,no,no,no,Steamed Rice +20 | Roshi (2 pcs) +20 | Extra Curry +25 | Extra Chili +0,/api/img/lm155
lm156,Pirini,,Sweet Treats,35,"Traditional Maldivian sweet treat, perfect with tea or after a meal.",,yes,0,no,no,yes,no,no,no,Vanilla Ice Cream +25 | Condensed Milk +10,/api/img/lm156
lm157,Masbaiy,,Rice & Noodles,85,Comforting Maldivian masbaiy prepared as a hearty rice or noodle dish.,,no,0,no,yes,yes,no,no,no,Fried Egg +15 | Rihaakuru +10 | Lonumirus +5 | Extra Portion +30,/api/img/lm157
lm158,Miruhulee Kukulhu,,Curries,95,Traditional Maldivian miruhulee kukulhu cooked with aromatic spices and local flavours.,,no,3,yes,no,yes,no,no,no,Steamed Rice +20 | Roshi (2 pcs) +20 | Extra Curry +25 | Extra Chili +0,/api/img/lm158
lm159,Oatmeal Kulhi Boakibaa,,Baked Savory,18,Traditional Maldivian savoury tea-time snack with rich local flavours.,,no,2,no,no,yes,no,no,no,3 pcs | 5 pcs | 10 pcs | Chili Sauce +5,/api/img/lm159
lm160,Muguriha,,Curries,95,"Comforting Maldivian dhal curry, mild and creamy.",,yes,1,yes,no,yes,no,no,no,Steamed Rice +20 | Roshi (2 pcs) +20 | Extra Curry +25 | Extra Chili +0,/api/img/lm160
fr01,Tuna Fried Rice,,Fried Rice,105,"Wok-fried rice with tuna, vegetables, egg and savoury seasoning.",,no,1,yes,no,yes,no,no,no,Fried Egg +15 | Extra Tuna +25 | Extra Chili +0 | Extra Portion +30 | No Egg +0,https://assets.dream.clubmed/pm_7531_597_597327-w4reagoq92-swhr.jpg
fr02,Chicken Fried Rice,,Fried Rice,115,"Wok-fried rice with chicken, vegetables, egg and savoury seasoning.",,no,1,yes,no,yes,no,no,no,Fried Egg +15 | Extra Chicken +30 | Extra Chili +0 | Extra Portion +30 | No Egg +0,https://assets.dream.clubmed/pm_7531_597_597327-w4reagoq92-swhr.jpg
fr03,Beef Fried Rice,,Fried Rice,130,"Wok-fried rice with beef, vegetables, egg and savoury seasoning.",,no,1,yes,no,yes,no,no,no,Fried Egg +15 | Extra Beef +40 | Extra Chili +0 | Extra Portion +30 | No Egg +0,https://assets.dream.clubmed/pm_7531_597_597327-w4reagoq92-swhr.jpg
fr04,Mixed Fried Rice,,Fried Rice,145,"Wok-fried rice with mixed, vegetables, egg and savoury seasoning.",,no,1,yes,no,yes,no,no,no,Fried Egg +15 | Extra Chicken +30 | Extra Beef +40 | Extra Tuna +25 | Extra Valhomas +30 | Extra Chili +0 | Extra Portion +30 | No Egg +0,https://assets.dream.clubmed/pm_7531_597_597327-w4reagoq92-swhr.jpg
kt01,Tuna Kottu Roshi,,Kottu Roshi,110,"Chopped roshi stir-fried with tuna, egg, vegetables and savoury spices.",,no,1,yes,no,yes,no,no,no,Fried Egg +15 | Extra Tuna +30 | Cheese +15 | Extra Chili +0 | Extra Gravy +10 | No Egg +0,https://top15.fr/wp-content/uploads/2024/03/Kottu-Roti.jpg
kt02,Valhomas Kottu Roshi,,Kottu Roshi,125,"Chopped roshi stir-fried with valhomas, egg, vegetables and savoury spices.",,no,1,yes,no,yes,no,no,no,Fried Egg +15 | Extra Valhomas +30 | Cheese +15 | Extra Chili +0 | Extra Gravy +10 | No Egg +0,https://top15.fr/wp-content/uploads/2024/03/Kottu-Roti.jpg
kt03,Mixed Kottu Roshi,,Kottu Roshi,150,"Chopped roshi stir-fried with mixed, egg, vegetables and savoury spices.",,no,1,yes,no,yes,no,no,no,Fried Egg +15 | Extra Chicken +30 | Extra Beef +40 | Extra Tuna +25 | Extra Valhomas +30 | Cheese +15 | Extra Chili +0 | Extra Gravy +10 | No Egg +0,https://top15.fr/wp-content/uploads/2024/03/Kottu-Roti.jpg
ng01,Tuna Nasi Goreng,,Nasi Goreng,115,"Indonesian-style fried rice with tuna, vegetables, egg and aromatic seasoning.",,no,1,yes,no,yes,no,no,no,Fried Egg +15 | Extra Tuna +30 | Extra Chili +0 | Extra Portion +30 | No Egg +0,https://assets.dream.clubmed/pm_7531_597_597327-w4reagoq92-swhr.jpg
ng02,Chicken Nasi Goreng,,Nasi Goreng,125,"Indonesian-style fried rice with chicken, vegetables, egg and aromatic seasoning.",,no,1,yes,no,yes,no,no,no,Fried Egg +15 | Extra Chicken +30 | Extra Chili +0 | Extra Portion +30 | No Egg +0,https://assets.dream.clubmed/pm_7531_597_597327-w4reagoq92-swhr.jpg
ng03,Beef Nasi Goreng,,Nasi Goreng,140,"Indonesian-style fried rice with beef, vegetables, egg and aromatic seasoning.",,no,1,yes,no,yes,no,no,no,Fried Egg +15 | Extra Beef +30 | Extra Chili +0 | Extra Portion +30 | No Egg +0,https://assets.dream.clubmed/pm_7531_597_597327-w4reagoq92-swhr.jpg
ng04,Valhomas Nasi Goreng,,Nasi Goreng,125,"Indonesian-style fried rice with valhomas, vegetables, egg and aromatic seasoning.",,no,1,yes,no,yes,no,no,no,Fried Egg +15 | Extra Valhomas +30 | Extra Chili +0 | Extra Portion +30 | No Egg +0,https://assets.dream.clubmed/pm_7531_597_597327-w4reagoq92-swhr.jpg
bg01,Tuna Bami Goreng,,Bami Goreng,115,"Indonesian-style stir-fried noodles with tuna, vegetables and savoury sauce.",,no,1,yes,no,yes,no,no,no,Fried Egg +15 | Extra Tuna +30 | Extra Chili +0 | Extra Vegetables +15 | Extra Portion +30,/api/img/bg01
bg02,Chicken Bami Goreng,,Bami Goreng,125,"Indonesian-style stir-fried noodles with chicken, vegetables and savoury sauce.",,no,1,yes,no,yes,no,no,no,Fried Egg +15 | Extra Chicken +30 | Extra Chili +0 | Extra Vegetables +15 | Extra Portion +30,/api/img/bg02
bg03,Beef Bami Goreng,,Bami Goreng,140,"Indonesian-style stir-fried noodles with beef, vegetables and savoury sauce.",,no,1,yes,no,yes,no,no,no,Fried Egg +15 | Extra Beef +30 | Extra Chili +0 | Extra Vegetables +15 | Extra Portion +30,/api/img/bg03
bg04,Valhomas Bami Goreng,,Bami Goreng,125,"Indonesian-style stir-fried noodles with valhomas, vegetables and savoury sauce.",,no,1,yes,no,yes,no,no,no,Fried Egg +15 | Extra Valhomas +30 | Extra Chili +0 | Extra Vegetables +15 | Extra Portion +30,/api/img/bg04
bg05,Mixed Bami Goreng,,Bami Goreng,150,"Indonesian-style stir-fried noodles with mixed, vegetables and savoury sauce.",,no,1,yes,no,yes,no,no,no,Fried Egg +15 | Extra Chicken +30 | Extra Beef +40 | Extra Tuna +25 | Extra Valhomas +30 | Extra Chili +0 | Extra Vegetables +15 | Extra Portion +30,/api/img/bg05
br01,Tuna Biryani,,Biryani,125,Aromatic spiced basmati rice layered with tuna and traditional biryani seasoning.,,no,1,yes,no,yes,no,no,no,Extra Tuna +30 | Fried Egg +15 | Raita +15 | Chili Sauce +5 | Extra Rice +30,https://media-assets.swiggy.com/swiggy/image/upload/f_auto%2Cq_auto%2Cfl_lossy/ezmr9xb9tguibmpmfylz
br02,Chicken Biryani,,Biryani,135,Aromatic spiced basmati rice layered with chicken and traditional biryani seasoning.,,no,1,yes,no,yes,no,no,no,Extra Chicken +35 | Fried Egg +15 | Raita +15 | Chili Sauce +5 | Extra Rice +30,https://media-assets.swiggy.com/swiggy/image/upload/f_auto%2Cq_auto%2Cfl_lossy/ezmr9xb9tguibmpmfylz
br03,Beef Biryani,,Biryani,155,Aromatic spiced basmati rice layered with beef and traditional biryani seasoning.,,no,1,yes,no,yes,no,no,no,Extra Beef +45 | Fried Egg +15 | Raita +15 | Chili Sauce +5 | Extra Rice +30,https://media-assets.swiggy.com/swiggy/image/upload/f_auto%2Cq_auto%2Cfl_lossy/ezmr9xb9tguibmpmfylz
br04,Valhomas Biryani,,Biryani,135,Aromatic spiced basmati rice layered with valhomas and traditional biryani seasoning.,,no,1,yes,no,yes,no,no,no,Extra Valhomas +30 | Fried Egg +15 | Raita +15 | Chili Sauce +5 | Extra Rice +30,https://media-assets.swiggy.com/swiggy/image/upload/f_auto%2Cq_auto%2Cfl_lossy/ezmr9xb9tguibmpmfylz
br05,Mixed Biryani,,Biryani,170,Aromatic spiced basmati rice layered with mixed and traditional biryani seasoning.,,no,1,yes,no,yes,no,no,no,Extra Chicken +35 | Extra Beef +45 | Extra Tuna +30 | Extra Valhomas +30 | Fried Egg +15 | Raita +15 | Chili Sauce +5 | Extra Rice +30,https://media-assets.swiggy.com/swiggy/image/upload/f_auto%2Cq_auto%2Cfl_lossy/ezmr9xb9tguibmpmfylz
su01,Tuna Submarine,,Submarines,105,"Toasted submarine roll filled with tuna, fresh salad, cheese and house sauce.",,no,0,no,no,yes,no,no,no,Extra Tuna +30 | Extra Cheese +15 | Fried Egg +15 | Jalapeño +10 | Fries +30 | Extra Sauce +5,https://www.gastronomiac.com/wp/wp-content/uploads/2018/03/Sandwich-sous-marin.jpg
su02,Chicken Submarine,,Submarines,120,"Toasted submarine roll filled with chicken, fresh salad, cheese and house sauce.",,no,0,no,no,yes,no,no,no,Extra Chicken +30 | Extra Cheese +15 | Fried Egg +15 | Jalapeño +10 | Fries +30 | Extra Sauce +5,https://www.gastronomiac.com/wp/wp-content/uploads/2018/03/Sandwich-sous-marin.jpg
su03,Beef Submarine,,Submarines,135,"Toasted submarine roll filled with beef, fresh salad, cheese and house sauce.",,no,0,no,no,yes,no,no,no,Extra Beef +30 | Extra Cheese +15 | Fried Egg +15 | Jalapeño +10 | Fries +30 | Extra Sauce +5,https://www.gastronomiac.com/wp/wp-content/uploads/2018/03/Sandwich-sous-marin.jpg
pa01,Tuna Panini,,Sandwiches & Panini,100,"Pressed panini filled with tuna, cheese, salad and house dressing.",,no,0,no,no,yes,no,no,no,Extra Tuna +25 | Extra Cheese +15 | Jalapeño +10 | Fries +30 | Extra Sauce +5,https://www.gastronomiac.com/wp/wp-content/uploads/2018/03/Sandwich-sous-marin.jpg
pa02,Chicken Panini,,Sandwiches & Panini,110,"Pressed panini filled with chicken, cheese, salad and house dressing.",,no,0,no,no,yes,no,no,no,Extra Chicken +25 | Extra Cheese +15 | Jalapeño +10 | Fries +30 | Extra Sauce +5,https://www.gastronomiac.com/wp/wp-content/uploads/2018/03/Sandwich-sous-marin.jpg
sa01,Chicken Sandwich,,Sandwiches & Panini,95,Chicken sandwich with fresh salad and creamy house dressing.,,no,0,no,no,yes,no,no,no,Cheese +15 | Fried Egg +15 | Extra Chicken +30 | Fries +30 | Toasted +0,https://www.gastronomiac.com/wp/wp-content/uploads/2018/03/Sandwich-sous-marin.jpg
ju01,Mango Juice,,Fresh Juices,60,Fresh mango juice blended to order.,,yes,0,no,no,yes,yes,no,no,Large +15 | No Sugar +0 | Less Sugar +0 | No Ice +0 | Extra Ice +0,https://img.ananinja.com/media/ninja-catalog-42/restaurants/z85odwy7bdyxdilyoeldhuldulox/MANGO_result.jpg
ju02,Pineapple Juice,,Fresh Juices,60,Fresh pineapple juice blended to order.,,yes,0,no,no,yes,yes,no,no,Large +15 | No Sugar +0 | Less Sugar +0 | No Ice +0 | Extra Ice +0,https://img.ananinja.com/media/ninja-catalog-42/restaurants/z85odwy7bdyxdilyoeldhuldulox/MANGO_result.jpg
ju03,Passion Fruit Juice,,Fresh Juices,65,Fresh passion fruit juice blended to order.,,yes,0,no,no,yes,yes,no,no,Large +15 | No Sugar +0 | Less Sugar +0 | No Ice +0 | Extra Ice +0,https://img.ananinja.com/media/ninja-catalog-42/restaurants/z85odwy7bdyxdilyoeldhuldulox/MANGO_result.jpg
ju04,Fresh Lime Juice,,Fresh Juices,45,Fresh lime juice served chilled.,,yes,0,no,no,yes,yes,no,no,Large +15 | No Sugar +0 | Less Sugar +0 | No Ice +0 | Extra Ice +0,https://img.ananinja.com/media/ninja-catalog-42/restaurants/z85odwy7bdyxdilyoeldhuldulox/MANGO_result.jpg
ju05,Fresh Lemon Juice,,Fresh Juices,50,Fresh lemon juice served chilled.,,yes,0,no,no,yes,yes,no,no,Large +15 | No Sugar +0 | Less Sugar +0 | No Ice +0 | Extra Ice +0,https://img.ananinja.com/media/ninja-catalog-42/restaurants/z85odwy7bdyxdilyoeldhuldulox/MANGO_result.jpg
ju06,Apple Juice,,Fresh Juices,60,Fresh apple juice blended to order.,,yes,0,no,no,yes,yes,no,no,Large +15 | No Sugar +0 | Less Sugar +0 | No Ice +0 | Extra Ice +0,https://img.ananinja.com/media/ninja-catalog-42/restaurants/z85odwy7bdyxdilyoeldhuldulox/MANGO_result.jpg
ju07,Banana Juice,,Fresh Juices,55,Fresh banana blended into a smooth fruit drink.,,yes,0,no,no,yes,yes,no,no,Large +15 | No Sugar +0 | Less Sugar +0 | No Ice +0 | Extra Ice +0 | Milk +10,https://img.ananinja.com/media/ninja-catalog-42/restaurants/z85odwy7bdyxdilyoeldhuldulox/MANGO_result.jpg
ju08,Avocado Juice,,Fresh Juices,70,Creamy fresh avocado drink blended to order.,,yes,0,no,no,yes,yes,no,no,Large +15 | No Sugar +0 | Less Sugar +0 | No Ice +0 | Extra Ice +0 | Milk +10,https://img.ananinja.com/media/ninja-catalog-42/restaurants/z85odwy7bdyxdilyoeldhuldulox/MANGO_result.jpg
ju09,Mixed Fruit Juice,,Fresh Juices,70,A refreshing blend of available seasonal fruits.,,yes,0,no,no,yes,yes,no,no,Large +15 | No Sugar +0 | Less Sugar +0 | No Ice +0 | Extra Ice +0,https://img.ananinja.com/media/ninja-catalog-42/restaurants/z85odwy7bdyxdilyoeldhuldulox/MANGO_result.jpg
ju10,Dragon Fruit Juice,,Fresh Juices,70,Fresh dragon fruit blended to order.,,yes,0,no,no,yes,yes,no,no,Large +15 | No Sugar +0 | Less Sugar +0 | No Ice +0 | Extra Ice +0,https://img.ananinja.com/media/ninja-catalog-42/restaurants/z85odwy7bdyxdilyoeldhuldulox/MANGO_result.jpg
ju11,Guava Juice,,Fresh Juices,60,Fresh guava juice blended to order.,,yes,0,no,no,yes,yes,no,no,Large +15 | No Sugar +0 | Less Sugar +0 | No Ice +0 | Extra Ice +0,https://img.ananinja.com/media/ninja-catalog-42/restaurants/z85odwy7bdyxdilyoeldhuldulox/MANGO_result.jpg
ju12,Seasonal Fresh Juice,,Fresh Juices,65,Fresh juice prepared from the best seasonal fruit available.,,yes,0,no,no,yes,yes,no,no,Large +15 | No Sugar +0 | Less Sugar +0 | No Ice +0 | Extra Ice +0,https://img.ananinja.com/media/ninja-catalog-42/restaurants/z85odwy7bdyxdilyoeldhuldulox/MANGO_result.jpg
ms01,Vanilla Milkshake,,Milkshakes,70,Creamy vanilla milkshake blended with chilled milk and ice cream.,,yes,0,no,no,yes,yes,no,no,Large +15 | Whipped Cream +15 | Vanilla Ice Cream +25 | Chocolate Sauce +10 | Caramel Sauce +10 | Less Sweet +0,https://shuba.life/static/content/thumbs/660x440/c/f1/etxpfg---c3x2x50px50p-up--485a9d57de69c26056e6b64e9390ef1c.jpg
ms02,Chocolate Milkshake,,Milkshakes,75,Creamy chocolate milkshake blended with chilled milk and ice cream.,,yes,0,no,no,yes,yes,no,no,Large +15 | Whipped Cream +15 | Vanilla Ice Cream +25 | Chocolate Sauce +10 | Caramel Sauce +10 | Less Sweet +0,https://shuba.life/static/content/thumbs/660x440/c/f1/etxpfg---c3x2x50px50p-up--485a9d57de69c26056e6b64e9390ef1c.jpg
ms03,Strawberry Milkshake,,Milkshakes,75,Creamy strawberry milkshake blended with chilled milk and ice cream.,,yes,0,no,no,yes,yes,no,no,Large +15 | Whipped Cream +15 | Vanilla Ice Cream +25 | Chocolate Sauce +10 | Caramel Sauce +10 | Less Sweet +0,https://shuba.life/static/content/thumbs/660x440/c/f1/etxpfg---c3x2x50px50p-up--485a9d57de69c26056e6b64e9390ef1c.jpg
ms04,Banana Milkshake,,Milkshakes,75,Creamy banana milkshake blended with chilled milk and ice cream.,,yes,0,no,no,yes,yes,no,no,Large +15 | Whipped Cream +15 | Vanilla Ice Cream +25 | Chocolate Sauce +10 | Caramel Sauce +10 | Less Sweet +0,https://shuba.life/static/content/thumbs/660x440/c/f1/etxpfg---c3x2x50px50p-up--485a9d57de69c26056e6b64e9390ef1c.jpg
ms05,Mango Milkshake,,Milkshakes,80,Creamy mango milkshake blended with chilled milk and ice cream.,,yes,0,no,no,yes,yes,no,no,Large +15 | Whipped Cream +15 | Vanilla Ice Cream +25 | Chocolate Sauce +10 | Caramel Sauce +10 | Less Sweet +0,https://shuba.life/static/content/thumbs/660x440/c/f1/etxpfg---c3x2x50px50p-up--485a9d57de69c26056e6b64e9390ef1c.jpg
ms06,Oreo Milkshake,,Milkshakes,85,Creamy oreo milkshake blended with chilled milk and ice cream.,,yes,0,no,no,yes,yes,no,no,Large +15 | Whipped Cream +15 | Vanilla Ice Cream +25 | Chocolate Sauce +10 | Caramel Sauce +10 | Less Sweet +0,https://shuba.life/static/content/thumbs/660x440/c/f1/etxpfg---c3x2x50px50p-up--485a9d57de69c26056e6b64e9390ef1c.jpg
ms07,Coffee Milkshake,,Milkshakes,85,Creamy coffee milkshake blended with chilled milk and ice cream.,,yes,0,no,no,yes,yes,no,no,Large +15 | Whipped Cream +15 | Vanilla Ice Cream +25 | Chocolate Sauce +10 | Caramel Sauce +10 | Less Sweet +0,https://shuba.life/static/content/thumbs/660x440/c/f1/etxpfg---c3x2x50px50p-up--485a9d57de69c26056e6b64e9390ef1c.jpg
ms08,Caramel Milkshake,,Milkshakes,80,Creamy caramel milkshake blended with chilled milk and ice cream.,,yes,0,no,no,yes,yes,no,no,Large +15 | Whipped Cream +15 | Vanilla Ice Cream +25 | Chocolate Sauce +10 | Caramel Sauce +10 | Less Sweet +0,https://shuba.life/static/content/thumbs/660x440/c/f1/etxpfg---c3x2x50px50p-up--485a9d57de69c26056e6b64e9390ef1c.jpg
cf01,Double Espresso,,Espresso Coffee,45,Two shots of espresso with a rich crema.,,yes,0,no,no,yes,yes,no,no,Extra Shot +15 | Decaf +10 | Sugar +0,/api/img/cf01
cf02,Espresso Macchiato,,Espresso Coffee,45,Espresso marked with a touch of steamed milk and foam.,,yes,0,no,no,yes,yes,no,no,Extra Shot +15 | Decaf +10 | Sugar +0 | Oat Milk +15 | Soy Milk +15,/api/img/cf02
cf03,Flat White,,Espresso Coffee,55,Double espresso with silky microfoam milk.,,yes,0,no,no,yes,yes,no,no,Extra Shot +15 | Decaf +10 | Sugar +0 | Oat Milk +15 | Soy Milk +15 | Vanilla +10 | Caramel +10 | Hazelnut +10,/api/img/cf03
cf04,Caffè Mocha,,Espresso Coffee,60,"Espresso, steamed milk and rich chocolate.",,yes,0,no,no,yes,yes,no,no,Extra Shot +15 | Decaf +10 | Sugar +0 | Oat Milk +15 | Soy Milk +15 | Vanilla +10 | Caramel +10 | Hazelnut +10,/api/img/cf04
cf05,Cortado,,Espresso Coffee,50,Balanced espresso and steamed milk in a small cup.,,yes,0,no,no,yes,yes,no,no,Extra Shot +15 | Decaf +10 | Sugar +0 | Oat Milk +15 | Soy Milk +15,/api/img/cf05
cf06,Iced Americano,,Espresso Coffee,45,Espresso poured over chilled water and ice.,,yes,0,no,no,yes,yes,no,no,Extra Shot +15 | Decaf +10 | Sugar +0,/api/img/cf06
cf07,Iced Cappuccino,,Espresso Coffee,60,Chilled espresso and milk finished with creamy cold foam.,,yes,0,no,no,yes,yes,no,no,Extra Shot +15 | Decaf +10 | Sugar +0 | Oat Milk +15 | Soy Milk +15 | Vanilla +10 | Caramel +10 | Hazelnut +10,/api/img/cf07
cf08,Affogato,,Espresso Coffee,70,Hot espresso poured over vanilla ice cream.,,yes,0,no,no,yes,yes,no,no,Extra Shot +15 | Extra Ice Cream +25 | Caramel +10 | Chocolate +10,/api/img/cf08
ns01,Nescafé Black,,Nescafé,30,Classic instant black coffee prepared hot.,,yes,0,no,no,yes,yes,no,no,Half Cup -5 | Full Cup +0 | Sugar +0 | Extra Sugar +0 | Milk +10,/api/img/ns01
ns02,Nescafé Milk,,Nescafé,40,Classic Nescafé prepared with hot milk.,,yes,0,no,no,yes,yes,no,no,Half Cup -5 | Full Cup +0 | Extra Milk +10 | Less Sugar +0 | Extra Sugar +0,/api/img/ns02
wa01,Water - Glass Bottle,,Water,35,Chilled drinking water served in a glass bottle.,,yes,0,no,no,yes,yes,no,no,Small +0 | Large +20 | Room Temperature +0 | Chilled +0,/api/img/wa01
wa02,Water - Plastic Bottle,,Water,15,Chilled bottled drinking water in a plastic bottle.,,yes,0,no,no,yes,yes,no,no,500 ml +0 | 1.5 L +15 | Room Temperature +0 | Chilled +0,/api/img/wa02
mj01,Strawberry Mojito,,Mojitos,75,"Refreshing strawberry mojito with fresh lime, mint, ice and sparkling soda.",,yes,0,no,no,yes,yes,no,no,Large +15 | Less Sweet +0 | Extra Lime +5 | Extra Mint +5 | No Ice +0 | Extra Fruit +10,https://www.joyfulhealthyeats.com/wp-content/uploads/2025/06/Virgin-Mojito-Nojito-Recipe-web-6.jpg
mj02,Passion Fruit Mojito,,Mojitos,80,"Refreshing passion fruit mojito with fresh lime, mint, ice and sparkling soda.",,yes,0,no,no,yes,yes,no,no,Large +15 | Less Sweet +0 | Extra Lime +5 | Extra Mint +5 | No Ice +0 | Extra Fruit +10,https://www.joyfulhealthyeats.com/wp-content/uploads/2025/06/Virgin-Mojito-Nojito-Recipe-web-6.jpg
mj03,Mango Mojito,,Mojitos,80,"Refreshing mango mojito with fresh lime, mint, ice and sparkling soda.",,yes,0,no,no,yes,yes,no,no,Large +15 | Less Sweet +0 | Extra Lime +5 | Extra Mint +5 | No Ice +0 | Extra Fruit +10,https://www.joyfulhealthyeats.com/wp-content/uploads/2025/06/Virgin-Mojito-Nojito-Recipe-web-6.jpg
mj04,Watermelon Mojito,,Mojitos,75,"Refreshing watermelon mojito with fresh lime, mint, ice and sparkling soda.",,yes,0,no,no,yes,yes,no,no,Large +15 | Less Sweet +0 | Extra Lime +5 | Extra Mint +5 | No Ice +0 | Extra Fruit +10,https://www.joyfulhealthyeats.com/wp-content/uploads/2025/06/Virgin-Mojito-Nojito-Recipe-web-6.jpg
mj05,Green Apple Mojito,,Mojitos,75,"Refreshing green apple mojito with fresh lime, mint, ice and sparkling soda.",,yes,0,no,no,yes,yes,no,no,Large +15 | Less Sweet +0 | Extra Lime +5 | Extra Mint +5 | No Ice +0 | Extra Fruit +10,https://www.joyfulhealthyeats.com/wp-content/uploads/2025/06/Virgin-Mojito-Nojito-Recipe-web-6.jpg
mj06,Pineapple Mojito,,Mojitos,75,"Refreshing pineapple mojito with fresh lime, mint, ice and sparkling soda.",,yes,0,no,no,yes,yes,no,no,Large +15 | Less Sweet +0 | Extra Lime +5 | Extra Mint +5 | No Ice +0 | Extra Fruit +10,https://www.joyfulhealthyeats.com/wp-content/uploads/2025/06/Virgin-Mojito-Nojito-Recipe-web-6.jpg
mj07,Blue Mojito,,Mojitos,75,"Refreshing blue mojito with fresh lime, mint, ice and sparkling soda.",,yes,0,no,no,yes,yes,no,no,Large +15 | Less Sweet +0 | Extra Lime +5 | Extra Mint +5 | No Ice +0 | Extra Fruit +10,https://www.joyfulhealthyeats.com/wp-content/uploads/2025/06/Virgin-Mojito-Nojito-Recipe-web-6.jpg
pz01,Chicken Pizza,,Pizza,165,"Chicken, tomato sauce, mozzarella and herbs.",,no,0,no,no,yes,no,no,no,12 inch +45 | 15 inch +90 | Extra Cheese +20 | Olives +15 | Mushrooms +15 | Jalapeño +10 | Chili Flakes +0 | Extra Sauce +10,https://www.local.mv/listing/la-vera-pizzeria/65483806_2316872161681267_2312524475087716352_o.jpg
pz02,BBQ Chicken Pizza,,Pizza,175,"BBQ chicken, mozzarella, onion and smoky sauce.",,no,0,no,no,yes,no,no,no,12 inch +45 | 15 inch +90 | Extra Cheese +20 | Olives +15 | Mushrooms +15 | Jalapeño +10 | Chili Flakes +0 | Extra Sauce +10,https://www.local.mv/listing/la-vera-pizzeria/65483806_2316872161681267_2312524475087716352_o.jpg
pz03,Tuna Pizza,,Pizza,165,"Tuna, mozzarella, onion, tomato sauce and herbs.",,no,0,no,no,yes,no,no,no,12 inch +45 | 15 inch +90 | Extra Cheese +20 | Olives +15 | Mushrooms +15 | Jalapeño +10 | Chili Flakes +0 | Extra Sauce +10,https://www.local.mv/listing/la-vera-pizzeria/65483806_2316872161681267_2312524475087716352_o.jpg
pz04,Spicy Tuna Pizza,,Pizza,175,"Tuna, chili, mozzarella, onion and tomato sauce.",,no,1,yes,no,yes,no,no,no,12 inch +45 | 15 inch +90 | Extra Cheese +20 | Olives +15 | Mushrooms +15 | Jalapeño +10 | Chili Flakes +0 | Extra Sauce +10,https://www.local.mv/listing/la-vera-pizzeria/65483806_2316872161681267_2312524475087716352_o.jpg
pz05,Beef Pizza,,Pizza,185,"Seasoned beef, mozzarella, onion and tomato sauce.",,no,0,no,no,yes,no,no,no,12 inch +45 | 15 inch +90 | Extra Cheese +20 | Olives +15 | Mushrooms +15 | Jalapeño +10 | Chili Flakes +0 | Extra Sauce +10,https://www.local.mv/listing/la-vera-pizzeria/65483806_2316872161681267_2312524475087716352_o.jpg
pz06,Beef Pepperoni Pizza,,Pizza,190,"Beef pepperoni, mozzarella and tomato sauce.",,no,0,no,no,yes,no,no,no,12 inch +45 | 15 inch +90 | Extra Cheese +20 | Olives +15 | Mushrooms +15 | Jalapeño +10 | Chili Flakes +0 | Extra Sauce +10,https://www.local.mv/listing/la-vera-pizzeria/65483806_2316872161681267_2312524475087716352_o.jpg
pz07,Vegetable Pizza,,Pizza,145,"Mixed vegetables, mozzarella, herbs and tomato sauce.",,yes,0,no,no,yes,no,no,no,12 inch +45 | 15 inch +90 | Extra Cheese +20 | Olives +15 | Mushrooms +15 | Jalapeño +10 | Chili Flakes +0 | Extra Sauce +10,https://www.local.mv/listing/la-vera-pizzeria/65483806_2316872161681267_2312524475087716352_o.jpg
pz08,Four Cheese Pizza,,Pizza,180,A rich blend of four cheeses on tomato sauce.,,yes,0,no,no,yes,no,no,no,12 inch +45 | 15 inch +90 | Extra Cheese +20 | Olives +15 | Mushrooms +15 | Jalapeño +10 | Chili Flakes +0 | Extra Sauce +10,https://www.local.mv/listing/la-vera-pizzeria/65483806_2316872161681267_2312524475087716352_o.jpg
pz09,Mixed Pizza,,Pizza,210,"Chicken, beef, tuna, vegetables and mozzarella.",,no,0,no,no,yes,no,no,no,12 inch +45 | 15 inch +90 | Extra Cheese +20 | Olives +15 | Mushrooms +15 | Jalapeño +10 | Chili Flakes +0 | Extra Sauce +10,https://www.local.mv/listing/la-vera-pizzeria/65483806_2316872161681267_2312524475087716352_o.jpg
il01,illy Espresso,,illy Coffee,45,illy espresso prepared as a concentrated single shot.,,yes,0,no,no,yes,yes,no,no,Extra Shot +20 | Hot Water +0 | Sugar +0 | Decaf +10,/api/img/il01
il02,illy Double Espresso,,illy Coffee,60,Two shots of illy espresso with full aroma and crema.,,yes,0,no,no,yes,yes,no,no,Extra Shot +20 | Hot Water +0 | Sugar +0 | Decaf +10,/api/img/il02
il03,illy Americano,,illy Coffee,55,illy espresso lengthened with hot water.,,yes,0,no,no,yes,yes,no,no,Extra Shot +20 | Decaf +10 | Oat Milk +15 | Soy Milk +15 | Vanilla +10 | Caramel +10 | Hazelnut +10,/api/img/il03
il04,illy Macchiato,,illy Coffee,55,illy espresso with a touch of steamed milk.,,yes,0,no,no,yes,yes,no,no,Extra Shot +20 | Decaf +10 | Oat Milk +15 | Soy Milk +15 | Vanilla +10 | Caramel +10 | Hazelnut +10,/api/img/il04
il05,illy Cappuccino,,illy Coffee,65,illy espresso with steamed milk and velvety foam.,,yes,0,no,no,yes,yes,no,no,Extra Shot +20 | Decaf +10 | Oat Milk +15 | Soy Milk +15 | Vanilla +10 | Caramel +10 | Hazelnut +10,/api/img/il05
il06,illy Caffè Latte,,illy Coffee,70,illy espresso with generous steamed milk.,,yes,0,no,no,yes,yes,no,no,Extra Shot +20 | Decaf +10 | Oat Milk +15 | Soy Milk +15 | Vanilla +10 | Caramel +10 | Hazelnut +10,/api/img/il06
il07,illy Flat White,,illy Coffee,70,Double illy espresso with silky microfoam.,,yes,0,no,no,yes,yes,no,no,Extra Shot +20 | Decaf +10 | Oat Milk +15 | Soy Milk +15 | Vanilla +10 | Caramel +10 | Hazelnut +10,/api/img/il07
il08,illy Caffè Mocha,,illy Coffee,75,"illy espresso, milk and chocolate.",,yes,0,no,no,yes,yes,no,no,Extra Shot +20 | Decaf +10 | Oat Milk +15 | Soy Milk +15 | Vanilla +10 | Caramel +10 | Hazelnut +10,/api/img/il08
il09,illy Iced Latte,,illy Coffee,75,illy espresso with chilled milk and ice.,,yes,0,no,no,yes,yes,no,no,Extra Shot +20 | Decaf +10 | Oat Milk +15 | Soy Milk +15 | Vanilla +10 | Caramel +10 | Hazelnut +10,/api/img/il09
il10,illy Affogato,,illy Coffee,85,illy espresso poured over vanilla ice cream.,,yes,0,no,no,yes,yes,no,no,Extra Shot +20 | Extra Ice Cream +25 | Caramel +10 | Chocolate +10,/api/img/il10
ic01,illy Crema,,illy Crema,80,"Cold, creamy illy coffee dessert drink with a smooth whipped texture.",,yes,0,no,no,yes,yes,no,no,Extra Espresso Shot +20 | Whipped Cream +15 | Caramel +10 | Chocolate +10 | Less Sweet +0,/api/img/ic01
ic02,illy Crema Caramel,,illy Crema,90,Cold illy coffee crema finished with caramel.,,yes,0,no,no,yes,yes,no,no,Extra Espresso Shot +20 | Whipped Cream +15 | Caramel +10 | Chocolate +10 | Less Sweet +0,/api/img/ic02
ic03,illy Crema Chocolate,,illy Crema,90,Cold illy coffee crema finished with chocolate.,,yes,0,no,no,yes,yes,no,no,Extra Espresso Shot +20 | Whipped Cream +15 | Caramel +10 | Chocolate +10 | Less Sweet +0,/api/img/ic03
lv01,Lavazza Espresso,,Lavazza Coffee,45,Classic Lavazza espresso with a rich aromatic crema.,,yes,0,no,no,yes,yes,no,no,Extra Shot +20 | Hot Water +0 | Sugar +0 | Decaf +10,/api/img/lv01
lv02,Lavazza Double Espresso,,Lavazza Coffee,60,Two shots of Lavazza espresso.,,yes,0,no,no,yes,yes,no,no,Extra Shot +20 | Hot Water +0 | Sugar +0 | Decaf +10,/api/img/lv02
lv03,Lavazza Americano,,Lavazza Coffee,55,Lavazza espresso lengthened with hot water.,,yes,0,no,no,yes,yes,no,no,Extra Shot +20 | Decaf +10 | Oat Milk +15 | Soy Milk +15 | Vanilla +10 | Caramel +10 | Hazelnut +10,/api/img/lv03
lv04,Lavazza Macchiato,,Lavazza Coffee,55,Lavazza espresso with a touch of steamed milk.,,yes,0,no,no,yes,yes,no,no,Extra Shot +20 | Decaf +10 | Oat Milk +15 | Soy Milk +15 | Vanilla +10 | Caramel +10 | Hazelnut +10,/api/img/lv04
lv05,Lavazza Cappuccino,,Lavazza Coffee,65,"Lavazza espresso, steamed milk and velvety foam.",,yes,0,no,no,yes,yes,no,no,Extra Shot +20 | Decaf +10 | Oat Milk +15 | Soy Milk +15 | Vanilla +10 | Caramel +10 | Hazelnut +10,/api/img/lv05
lv06,Lavazza Caffè Latte,,Lavazza Coffee,70,Lavazza espresso with smooth steamed milk.,,yes,0,no,no,yes,yes,no,no,Extra Shot +20 | Decaf +10 | Oat Milk +15 | Soy Milk +15 | Vanilla +10 | Caramel +10 | Hazelnut +10,/api/img/lv06
lv07,Lavazza Flat White,,Lavazza Coffee,70,Double Lavazza espresso with silky microfoam.,,yes,0,no,no,yes,yes,no,no,Extra Shot +20 | Decaf +10 | Oat Milk +15 | Soy Milk +15 | Vanilla +10 | Caramel +10 | Hazelnut +10,/api/img/lv07
lv08,Lavazza Mocha,,Lavazza Coffee,75,"Lavazza espresso, steamed milk and chocolate.",,yes,0,no,no,yes,yes,no,no,Extra Shot +20 | Decaf +10 | Oat Milk +15 | Soy Milk +15 | Vanilla +10 | Caramel +10 | Hazelnut +10,/api/img/lv08
lv09,Lavazza Iced Americano,,Lavazza Coffee,60,Lavazza espresso over chilled water and ice.,,yes,0,no,no,yes,yes,no,no,Extra Shot +20 | Decaf +10 | Oat Milk +15 | Soy Milk +15 | Vanilla +10 | Caramel +10 | Hazelnut +10,/api/img/lv09
lv10,Lavazza Iced Latte,,Lavazza Coffee,75,Lavazza espresso with chilled milk and ice.,,yes,0,no,no,yes,yes,no,no,Extra Shot +20 | Decaf +10 | Oat Milk +15 | Soy Milk +15 | Vanilla +10 | Caramel +10 | Hazelnut +10,/api/img/lv10
lv11,Lavazza Cremespresso,,Lavazza Coffee,80,Creamy chilled espresso drink inspired by Lavazza café service.,,yes,0,no,no,yes,yes,no,no,Extra Shot +20 | Decaf +10 | Oat Milk +15 | Soy Milk +15 | Vanilla +10 | Caramel +10 | Hazelnut +10,/api/img/lv11
